ID,Demand-Type,Demand-Unit,Demand-Offset,Demand-Directional,LS1-Family,LS1-Theta_0,LS1-Theta_1,LS2-Family,LS2-Theta_0,LS2-Theta_1,LS3-Family,LS3-Theta_0,LS3-Theta_1,LS4-Family,LS4-Theta_0,LS4-Theta_1
CRCB.E1.S2.C1.D.System.BoxGirder.Circ.M17,Spectral Acceleration|1.0,g,0,0,lognormal,0.12,0.6,lognormal,0.3,0.61,lognormal,0.7,0.63,lognormal,1.06,0.62
CRCB.E1.S2.C1.D.System.BoxGirder.Circ.SMD17,Spectral Acceleration|1.0,g,0,0,lognormal,0.12,0.89,lognormal,0.21,0.96,lognormal,0.32,1.08,lognormal,1.04,1.11
CRCB.E1.S2.C1.D.System.BoxGirder.Flr1T.SMD17,Spectral Acceleration|1.0,g,0,0,lognormal,0.11,0.91,lognormal,0.18,0.96,lognormal,0.28,1.09,lognormal,0.93,1.14
CRCB.E1.S2.C1.D.System.BoxGirder.Obl.SMD17,Spectral Acceleration|1.0,g,0,0,lognormal,0.17,0.98,lognormal,0.4,1.02,lognormal,0.64,1.15,lognormal,2.09,1.23
CRCB.E1.S2.C1.D.System.BoxGirder.Rect.M17,Spectral Acceleration|1.0,g,0,0,lognormal,0.17,0.63,lognormal,0.41,0.64,lognormal,0.82,0.65,lognormal,1.18,0.66
CRCB.E1.S2.C1.D.System.BoxGirder.Rect.SMD17,Spectral Acceleration|1.0,g,0,0,lognormal,0.15,1.03,lognormal,0.25,1.09,lognormal,0.39,1.2,lognormal,1.25,1.22
CRCB.E1.S2.C1.S.System.BoxGirder.Circ.M17,Spectral Acceleration|1.0,g,0,0,lognormal,0.08,0.61,lognormal,0.15,0.59,lognormal,0.29,0.58,lognormal,0.42,0.58
CRCB.E1.S2.C1.S.System.BoxGirder.Circ.SMD17,Spectral Acceleration|1.0,g,0,0,lognormal,0.08,0.58,lognormal,0.15,0.66,lognormal,0.22,0.81,lognormal,0.55,0.83
CRCB.E1.S2.C1.S.System.BoxGirder.Flr1T.SMD17,Spectral Acceleration|1.0,g,0,0,lognormal,0.08,0.59,lognormal,0.14,0.67,lognormal,0.2,0.82,lognormal,0.53,0.85
CRCB.E1.S2.C1.S.System.BoxGirder.Obl.SMD17,Spectral Acceleration|1.0,g,0,0,lognormal,0.11,0.6,lognormal,0.26,0.65,lognormal,0.4,0.85,lognormal,1.04,0.88
CRCB.E1.S2.C1.S.System.BoxGirder.Rect.M17,Spectral Acceleration|1.0,g,0,0,lognormal,0.08,0.52,lognormal,0.15,0.54,lognormal,0.27,0.53,lognormal,0.38,0.52
CRCB.E1.S2.C1.S.System.BoxGirder.Rect.SMD17,Spectral Acceleration|1.0,g,0,0,lognormal,0.07,0.6,lognormal,0.11,0.68,lognormal,0.15,0.83,lognormal,0.41,0.86
CRCB.E1.S2.C2P.D.System.BoxGirder.Circ.SMD17,Spectral Acceleration|1.0,g,0,0,lognormal,0.12,0.73,lognormal,0.18,0.77,lognormal,0.25,0.86,lognormal,0.57,0.89
CRCB.E1.S2.C2P.D.System.BoxGirder.Flr1T.SMD17,Spectral Acceleration|1.0,g,0,0,lognormal,0.12,0.73,lognormal,0.17,0.77,lognormal,0.23,0.86,lognormal,0.53,0.88
CRCB.E1.S2.C2P.D.System.BoxGirder.MCB.Circ.M17,Spectral Acceleration|1.0,g,0,0,lognormal,0.07,0.82,lognormal,0.17,0.87,lognormal,0.44,1.11,lognormal,0.69,1.11
CRCB.E1.S2.C2P.D.System.BoxGirder.MCB.Rect.M17,Spectral Acceleration|1.0,g,0,0,lognormal,0.06,0.88,lognormal,0.15,1.06,lognormal,0.41,1.36,lognormal,0.69,1.36
CRCB.E1.S2.C2P.D.System.BoxGirder.Obl.SMD17,Spectral Acceleration|1.0,g,0,0,lognormal,0.16,0.69,lognormal,0.32,0.76,lognormal,0.46,0.87,lognormal,1.11,0.9
CRCB.E1.S2.C2P.D.System.BoxGirder.Rect.SMD17,Spectral Acceleration|1.0,g,0,0,lognormal,0.15,0.74,lognormal,0.24,0.84,lognormal,0.34,0.94,lognormal,0.83,0.96
CRCB.E1.S2.C2P.D.System.BoxGirder.TCB.Circ.M17,Spectral Acceleration|1.0,g,0,0,lognormal,0.08,0.63,lognormal,0.2,0.66,lognormal,0.47,0.71,lognormal,0.72,0.7
CRCB.E1.S2.C2P.D.System.BoxGirder.TCB.Rect.M17,Spectral Acceleration|1.0,g,0,0,lognormal,0.1,0.69,lognormal,0.21,0.73,lognormal,0.43,0.75,lognormal,0.62,0.76
CRCB.E1.S2.C2P.S.System.BoxGirder.Circ.SMD17,Spectral Acceleration|1.0,g,0,0,lognormal,0.07,0.51,lognormal,0.14,0.57,lognormal,0.18,0.68,lognormal,0.39,0.7
CRCB.E1.S2.C2P.S.System.BoxGirder.Flr1T.SMD17,Spectral Acceleration|1.0,g,0,0,lognormal,0.07,0.55,lognormal,0.12,0.6,lognormal,0.15,0.7,lognormal,0.33,0.72
CRCB.E1.S2.C2P.S.System.BoxGirder.MCB.Circ.M17,Spectral Acceleration|1.0,g,0,0,lognormal,0.04,0.63,lognormal,0.08,0.62,lognormal,0.18,0.6,lognormal,0.26,0.6
CRCB.E1.S2.C2P.S.System.BoxGirder.MCB.Rect.M17,Spectral Acceleration|1.0,g,0,0,lognormal,0.09,0.58,lognormal,0.15,0.58,lognormal,0.27,0.58,lognormal,0.37,0.58
CRCB.E1.S2.C2P.S.System.BoxGirder.Obl.SMD17,Spectral Acceleration|1.0,g,0,0,lognormal,0.09,0.56,lognormal,0.21,0.6,lognormal,0.3,0.76,lognormal,0.67,0.78
CRCB.E1.S2.C2P.S.System.BoxGirder.Rect.SMD17,Spectral Acceleration|1.0,g,0,0,lognormal,0.06,0.59,lognormal,0.1,0.65,lognormal,0.14,0.76,lognormal,0.31,0.77
CRCB.E1.S2.C2P.S.System.BoxGirder.TCB.Circ.M17,Spectral Acceleration|1.0,g,0,0,lognormal,0.06,0.57,lognormal,0.11,0.6,lognormal,0.21,0.59,lognormal,0.3,0.59
CRCB.E1.S2.C2P.S.System.BoxGirder.TCB.Circ.MSJ17,Spectral Acceleration|1.0,g,0,0,lognormal,0.08,0.46,lognormal,0.17,0.46,lognormal,0.36,0.46,lognormal,0.51,0.45
CRCB.E1.S2.C2P.S.System.BoxGirder.TCB.Rect.M17,Spectral Acceleration|1.0,g,0,0,lognormal,0.08,0.57,lognormal,0.14,0.57,lognormal,0.25,0.57,lognormal,0.35,0.55
CRCB.E1.S3P.C1.D.System.BoxGirder.Circ.M17,Spectral Acceleration|1.0,g,0,0,lognormal,0.12,0.61,lognormal,0.33,0.65,lognormal,0.83,0.7,lognormal,1.33,0.69
CRCB.E1.S3P.C1.D.System.BoxGirder.Rect.M17,Spectral Acceleration|1.0,g,0,0,lognormal,0.06,0.89,lognormal,0.25,1.11,lognormal,1,1.32,lognormal,2.04,1.31
CRCB.E1.S3P.C1.D.System.BoxGirder.Span5.MF.Circ.MCP18,Spectral Acceleration|1.0,g,0,0,lognormal,0.22,0.65,lognormal,0.7,0.65,lognormal,1.34,0.65,lognormal,2.67,0.65
CRCB.E1.S3P.C1.S.System.BoxGirder.Circ.M17,Spectral Acceleration|1.0,g,0,0,lognormal,0.1,0.5,lognormal,0.2,0.49,lognormal,0.38,0.49,lognormal,0.54,0.49
CRCB.E1.S3P.C1.S.System.BoxGirder.Circ.S17,Spectral Acceleration|1.0,g,0,0,lognormal,0.11,0.49,lognormal,0.22,0.49,lognormal,0.41,0.5,lognormal,0.6,0.51
CRCB.E1.S3P.C1.S.System.BoxGirder.Rect.M17,Spectral Acceleration|1.0,g,0,0,lognormal,0.05,0.64,lognormal,0.13,0.61,lognormal,0.29,0.58,lognormal,0.44,0.56
CRCB.E1.S3P.C1.S.System.BoxGirder.Rect.S17,Spectral Acceleration|1.0,g,0,0,lognormal,0.09,0.48,lognormal,0.17,0.47,lognormal,0.33,0.48,lognormal,0.47,0.47
CRCB.E1.S3P.C2P.D.System.BoxGirder.MCB.Circ.M17,Spectral Acceleration|1.0,g,0,0,lognormal,0.01,1.04,lognormal,0.04,0.98,lognormal,0.19,1.13,lognormal,0.4,1.13
CRCB.E1.S3P.C2P.D.System.BoxGirder.MCB.Rect.M17,Spectral Acceleration|1.0,g,0,0,lognormal,0.01,1.04,lognormal,0.04,0.98,lognormal,0.19,1.13,lognormal,0.4,1.13
CRCB.E1.S3P.C2P.D.System.BoxGirder.TCB.Circ.M17,Spectral Acceleration|1.0,g,0,0,lognormal,0.06,0.72,lognormal,0.15,0.77,lognormal,0.36,0.89,lognormal,0.56,0.89
CRCB.E1.S3P.C2P.D.System.BoxGirder.TCB.Rect.M17,Spectral Acceleration|1.0,g,0,0,lognormal,0.07,0.75,lognormal,0.17,0.79,lognormal,0.41,0.91,lognormal,0.66,0.92
CRCB.E1.S3P.C2P.S.System.BoxGirder.MCB.Circ.M17,Spectral Acceleration|1.0,g,0,0,lognormal,0.01,1.15,lognormal,0.02,0.99,lognormal,0.11,0.82,lognormal,0.22,0.81
CRCB.E1.S3P.C2P.S.System.BoxGirder.MCB.Rect.M17,Spectral Acceleration|1.0,g,0,0,lognormal,0.01,1.15,lognormal,0.02,0.99,lognormal,0.11,0.82,lognormal,0.22,0.81
CRCB.E1.S3P.C2P.S.System.BoxGirder.TCB.Circ.M17,Spectral Acceleration|1.0,g,0,0,lognormal,0.05,0.62,lognormal,0.11,0.62,lognormal,0.22,0.6,lognormal,0.31,0.59
CRCB.E1.S3P.C2P.S.System.BoxGirder.TCB.Rect.M17,Spectral Acceleration|1.0,g,0,0,lognormal,0.02,0.77,lognormal,0.07,0.73,lognormal,0.2,0.67,lognormal,0.31,0.65
CRCB.E1.S3P.C2P.S.System.BoxGirder.TCB.Span3.Circ.MSJ17,Spectral Acceleration|1.0,g,0,0,lognormal,0.09,0.52,lognormal,0.2,0.53,lognormal,0.39,0.52,lognormal,0.58,0.53
CRCB.E1.S3P.C2P.S.System.BoxGirder.TCB.Span4.Circ.MSJ17,Spectral Acceleration|1.0,g,0,0,lognormal,0.09,0.51,lognormal,0.19,0.52,lognormal,0.39,0.51,lognormal,0.56,0.52
CRCB.E123.S1.C0.D.System.Slab.Mod1.CPR22,Spectral Acceleration|1.0,g,0,0,lognormal,0.1,0.69,lognormal,0.53,0.73,,,,,,
CRCB.E123.S1.C0.D.System.Slab.Mod2.CPR22,Spectral Acceleration|1.0,g,0,0,lognormal,0.14,0.63,lognormal,0.37,0.65,,,,,,
CRCB.E123.S1.C0.D.System.Slab.Mod3.CPR22,Spectral Acceleration|1.0,g,0,0,lognormal,0.14,0.64,lognormal,0.37,0.65,,,,,,
CRCB.E123.S1.C0.D.System.TBeam.Mod1.CPR22,Spectral Acceleration|1.0,g,0,0,lognormal,0.1,0.63,lognormal,0.48,0.66,,,,,,
CRCB.E123.S1.C0.D.System.TBeam.Mod2.CPR22,Spectral Acceleration|1.0,g,0,0,lognormal,0.14,0.57,lognormal,0.34,0.58,,,,,,
CRCB.E123.S1.C0.D.System.TBeam.Mod3.CPR22,Spectral Acceleration|1.0,g,0,0,lognormal,0.14,0.58,lognormal,0.33,0.58,,,,,,
CRCB.E123.S1.C0.S.System.Slab.CPR22,Spectral Acceleration|1.0,g,0,0,lognormal,0.08,0.62,lognormal,0.31,0.62,lognormal,0.94,0.73,lognormal,1.55,0.73
CRCB.E123.S1.C0.S.System.TBeam.CPR22,Spectral Acceleration|1.0,g,0,0,lognormal,0.08,0.56,lognormal,0.28,0.56,lognormal,0.8,0.64,lognormal,1.3,0.64
CRCB.E2.S2.C1.D.System.BoxGirder.Circ.M17,Spectral Acceleration|1.0,g,0,0,lognormal,0.15,0.68,lognormal,0.63,0.68,lognormal,1.45,0.69,lognormal,1.93,0.69
CRCB.E2.S2.C1.D.System.BoxGirder.Obl.M17,Spectral Acceleration|1.0,g,0,0,lognormal,0.16,0.64,lognormal,0.71,0.64,lognormal,2.36,0.73,lognormal,3.07,0.65
CRCB.E2.S2.C1.S.System.BoxGirder.Circ.M17,Spectral Acceleration|1.0,g,0,0,lognormal,0.11,0.58,lognormal,0.53,0.57,lognormal,0.99,0.65,lognormal,1.32,0.65
CRCB.E2.S2.C1.S.System.BoxGirder.Obl.M17,Spectral Acceleration|1.0,g,0,0,lognormal,0.11,0.51,lognormal,0.53,0.49,lognormal,1.14,0.55,lognormal,1.58,0.55
CRCB.E2.S2.C2P.D.System.BoxGirder.MCB.Circ.M17,Spectral Acceleration|1.0,g,0,0,lognormal,0.1,0.61,lognormal,0.33,0.6,lognormal,0.67,0.74,lognormal,0.86,0.74
CRCB.E2.S2.C2P.D.System.BoxGirder.MCB.Obl.M17,Spectral Acceleration|1.0,g,0,0,lognormal,0.1,0.61,lognormal,0.33,0.6,lognormal,0.67,0.74,lognormal,0.86,0.74
CRCB.E2.S2.C2P.D.System.BoxGirder.TCB.Circ.M17,Spectral Acceleration|1.0,g,0,0,lognormal,0.11,0.62,lognormal,0.42,0.61,lognormal,0.97,0.66,lognormal,1.27,0.66
CRCB.E2.S2.C2P.D.System.BoxGirder.TCB.Obl.M17,Spectral Acceleration|1.0,g,0,0,lognormal,0.15,0.58,lognormal,0.55,0.57,lognormal,1.17,0.57,lognormal,1.47,0.57
CRCB.E2.S2.C2P.S.System.BoxGirder.MCB.Circ.M17,Spectral Acceleration|1.0,g,0,0,lognormal,0.07,0.49,lognormal,0.36,0.48,lognormal,0.73,0.59,lognormal,1.02,0.62
CRCB.E2.S2.C2P.S.System.BoxGirder.MCB.Obl.M17,Spectral Acceleration|1.0,g,0,0,lognormal,0.08,0.54,lognormal,0.42,0.51,lognormal,0.91,0.66,lognormal,1.3,0.67
CRCB.E2.S2.C2P.S.System.BoxGirder.TCB.Circ.M17,Spectral Acceleration|1.0,g,0,0,lognormal,0.08,0.51,lognormal,0.38,0.49,lognormal,0.77,0.55,lognormal,1.08,0.56
CRCB.E2.S2.C2P.S.System.BoxGirder.TCB.Obl.M17,Spectral Acceleration|1.0,g,0,0,lognormal,0.08,0.45,lognormal,0.37,0.44,lognormal,0.8,0.55,lognormal,1.1,0.56
CRCB.E2.S3P.C1.D.System.BoxGirder.Circ.M17,Spectral Acceleration|1.0,g,0,0,lognormal,0.15,0.56,lognormal,0.59,0.54,lognormal,1.34,0.71,lognormal,1.79,0.71
CRCB.E2.S3P.C1.D.System.BoxGirder.Obl.M17,Spectral Acceleration|1.0,g,0,0,lognormal,0.19,0.67,lognormal,0.93,0.66,lognormal,3.04,0.93,lognormal,4.26,0.87
CRCB.E2.S3P.C1.D.System.BoxGirder.Span5.MF.Circ.MCP18,Spectral Acceleration|1.0,g,0,0,lognormal,0.17,0.55,lognormal,0.61,0.55,lognormal,1.74,0.55,lognormal,2.55,0.55
CRCB.E2.S3P.C1.S.System.BoxGirder.Circ.M17,Spectral Acceleration|1.0,g,0,0,lognormal,0.1,0.66,lognormal,0.52,0.65,lognormal,0.96,0.8,lognormal,1.34,0.81
CRCB.E2.S3P.C1.S.System.BoxGirder.Circ.S17,Spectral Acceleration|1.0,g,0,0,lognormal,0.13,0.54,lognormal,0.62,0.53,lognormal,1.15,0.58,lognormal,1.54,0.59
CRCB.E2.S3P.C1.S.System.BoxGirder.Obl.M17,Spectral Acceleration|1.0,g,0,0,lognormal,0.11,0.62,lognormal,0.65,0.66,lognormal,1.52,0.85,lognormal,2.27,0.9
CRCB.E2.S3P.C1.S.System.BoxGirder.Obl.S17,Spectral Acceleration|1.0,g,0,0,lognormal,0.14,0.5,lognormal,0.72,0.49,lognormal,1.6,0.51,lognormal,2.25,0.52
CRCB.E2.S3P.C2P.D.System.BoxGirder.MCB.Circ.M17,Spectral Acceleration|1.0,g,0,0,lognormal,0.09,0.54,lognormal,0.35,0.5,lognormal,0.68,0.71,lognormal,0.93,0.71
CRCB.E2.S3P.C2P.D.System.BoxGirder.MCB.Obl.M17,Spectral Acceleration|1.0,g,0,0,lognormal,0.03,0.82,lognormal,0.47,0.73,lognormal,2,1.59,lognormal,4,1.66
CRCB.E2.S3P.C2P.D.System.BoxGirder.TCB.Circ.M17,Spectral Acceleration|1.0,g,0,0,lognormal,0.09,0.62,lognormal,0.39,0.59,lognormal,0.82,0.89,lognormal,1.12,0.89
CRCB.E2.S3P.C2P.D.System.BoxGirder.TCB.Obl.M17,Spectral Acceleration|1.0,g,0,0,lognormal,0.11,0.71,lognormal,0.56,0.73,lognormal,1.79,1.12,lognormal,2.64,1.16
CRCB.E2.S3P.C2P.D.System.BoxGirder.TCB.Span3.Flr1.JML19,Spectral Acceleration|1.0,g,0,0,lognormal,0.18,0.55,lognormal,0.59,0.55,lognormal,1.07,0.55,lognormal,1.31,0.55
CRCB.E2.S3P.C2P.D.System.BoxGirder.TCB.Span3.Flr1T.JML19,Spectral Acceleration|1.0,g,0,0,lognormal,0.22,0.62,lognormal,0.74,0.62,lognormal,1.55,0.62,lognormal,1.92,0.62
CRCB.E2.S3P.C2P.D.System.BoxGirder.TCB.Span3.Flr2.JML19,Spectral Acceleration|1.0,g,0,0,lognormal,0.22,0.62,lognormal,0.75,0.62,lognormal,1.55,0.62,lognormal,1.92,0.62
CRCB.E2.S3P.C2P.D.System.BoxGirder.TCB.Span3.Obl.JML19,Spectral Acceleration|1.0,g,0,0,lognormal,0.19,0.54,lognormal,0.6,0.54,lognormal,1.07,0.54,lognormal,1.31,0.54
CRCB.E2.S3P.C2P.S.System.BoxGirder.MCB.Circ.M17,Spectral Acceleration|1.0,g,0,0,lognormal,0.07,0.66,lognormal,0.32,0.66,lognormal,0.57,0.88,lognormal,0.79,0.92
CRCB.E2.S3P.C2P.S.System.BoxGirder.MCB.Obl.M17,Spectral Acceleration|1.0,g,0,0,lognormal,0.01,1.06,lognormal,0.28,0.72,lognormal,0.78,0.94,lognormal,1.43,0.9
CRCB.E2.S3P.C2P.S.System.BoxGirder.TCB.Circ.M17,Spectral Acceleration|1.0,g,0,0,lognormal,0.03,0.75,lognormal,0.28,0.66,lognormal,0.63,1.11,lognormal,1.02,1.2
CRCB.E2.S3P.C2P.S.System.BoxGirder.TCB.Obl.M17,Spectral Acceleration|1.0,g,0,0,lognormal,0.05,0.67,lognormal,0.39,0.63,lognormal,1.02,0.88,lognormal,1.64,0.88
CRCB.E2.S3P.C2P.S.System.BoxGirder.TCB.Span3.Flr1.JML19,Spectral Acceleration|1.0,g,0,0,lognormal,0.11,0.53,lognormal,0.43,0.53,lognormal,0.84,0.53,lognormal,1.05,0.53
CRCB.E2.S3P.C2P.S.System.BoxGirder.TCB.Span3.Flr1T.JML19,Spectral Acceleration|1.0,g,0,0,lognormal,0.13,0.61,lognormal,0.55,0.61,lognormal,1.21,0.61,lognormal,1.52,0.61
CRCB.E2.S3P.C2P.S.System.BoxGirder.TCB.Span3.Flr2.JML19,Spectral Acceleration|1.0,g,0,0,lognormal,0.13,0.62,lognormal,0.56,0.62,lognormal,1.18,0.62,lognormal,1.47,0.62
CRCB.E2.S3P.C2P.S.System.BoxGirder.TCB.Span3.Obl.JML19,Spectral Acceleration|1.0,g,0,0,lognormal,0.11,0.54,lognormal,0.43,0.54,lognormal,0.85,0.54,lognormal,1.05,0.54
CRCB.E3.S2.C1.D.System.BoxGirder.Circ.M17,Spectral Acceleration|1.0,g,0,0,lognormal,0.15,0.68,lognormal,0.63,0.68,lognormal,1.91,0.7,lognormal,2.86,0.72
CRCB.E3.S2.C1.D.System.BoxGirder.Obl.M17,Spectral Acceleration|1.0,g,0,0,lognormal,0.16,0.64,lognormal,0.71,0.64,lognormal,3.1,0.67,lognormal,4.39,0.63
CRCB.E3.S2.C1.S.System.BoxGirder.Circ.M17,Spectral Acceleration|1.0,g,0,0,lognormal,0.11,0.57,lognormal,0.53,0.56,lognormal,1.25,0.63,lognormal,1.88,0.63
CRCB.E3.S2.C1.S.System.BoxGirder.Obl.M17,Spectral Acceleration|1.0,g,0,0,lognormal,0.12,0.5,lognormal,0.53,0.49,lognormal,1.28,0.53,lognormal,1.91,0.53
CRCB.E3.S2.C2P.D.System.BoxGirder.MCB.Circ.M17,Spectral Acceleration|1.0,g,0,0,lognormal,0.1,0.63,lognormal,0.33,0.6,lognormal,0.86,0.75,lognormal,1.2,0.74
CRCB.E3.S2.C2P.D.System.BoxGirder.MCB.Obl.M17,Spectral Acceleration|1.0,g,0,0,lognormal,0.1,0.63,lognormal,0.33,0.6,lognormal,0.86,0.75,lognormal,1.2,0.74
CRCB.E3.S2.C2P.D.System.BoxGirder.TCB.Circ.M17,Spectral Acceleration|1.0,g,0,0,lognormal,0.11,0.62,lognormal,0.41,0.61,lognormal,1.27,0.66,lognormal,1.84,0.66
CRCB.E3.S2.C2P.D.System.BoxGirder.TCB.Obl.M17,Spectral Acceleration|1.0,g,0,0,lognormal,0.15,0.58,lognormal,0.55,0.57,lognormal,1.49,0.57,lognormal,2.06,0.58
CRCB.E3.S2.C2P.S.System.BoxGirder.MCB.Circ.M17,Spectral Acceleration|1.0,g,0,0,lognormal,0.07,0.49,lognormal,0.36,0.49,lognormal,0.89,0.58,lognormal,1.35,0.58
CRCB.E3.S2.C2P.S.System.BoxGirder.MCB.Obl.M17,Spectral Acceleration|1.0,g,0,0,lognormal,0.08,0.54,lognormal,0.42,0.52,lognormal,1.07,0.6,lognormal,1.64,0.61
CRCB.E3.S2.C2P.S.System.BoxGirder.TCB.Circ.M17,Spectral Acceleration|1.0,g,0,0,lognormal,0.08,0.51,lognormal,0.38,0.5,lognormal,0.94,0.53,lognormal,1.41,0.54
CRCB.E3.S2.C2P.S.System.BoxGirder.TCB.Obl.M17,Spectral Acceleration|1.0,g,0,0,lognormal,0.08,0.45,lognormal,0.37,0.43,lognormal,0.91,0.52,lognormal,1.32,0.5
CRCB.E3.S3P.C1.D.System.BoxGirder.Circ.M17,Spectral Acceleration|1.0,g,0,0,lognormal,0.15,0.55,lognormal,0.58,0.54,lognormal,1.78,0.71,lognormal,2.63,0.69
CRCB.E3.S3P.C1.D.System.BoxGirder.Obl.M17,Spectral Acceleration|1.0,g,0,0,lognormal,0.2,0.67,lognormal,0.93,0.66,lognormal,4.47,0.94,lognormal,6.44,0.82
CRCB.E3.S3P.C1.D.System.BoxGirder.Span5.MF.Circ.MCP18,Spectral Acceleration|1.0,g,0,0,lognormal,0.16,0.58,lognormal,0.62,0.58,lognormal,2.61,0.58,lognormal,3.45,0.58
CRCB.E3.S3P.C1.S.System.BoxGirder.Circ.M17,Spectral Acceleration|1.0,g,0,0,lognormal,0.1,0.65,lognormal,0.52,0.65,lognormal,1.3,0.77,lognormal,2.05,0.77
CRCB.E3.S3P.C1.S.System.BoxGirder.Circ.S17,Spectral Acceleration|1.0,g,0,0,lognormal,0.13,0.54,lognormal,0.63,0.52,lognormal,1.49,0.56,lognormal,2.24,0.59
CRCB.E3.S3P.C1.S.System.BoxGirder.Obl.M17,Spectral Acceleration|1.0,g,0,0,lognormal,0.11,0.63,lognormal,0.65,0.66,lognormal,1.82,0.76,lognormal,2.87,0.79
CRCB.E3.S3P.C1.S.System.BoxGirder.Obl.S17,Spectral Acceleration|1.0,g,0,0,lognormal,0.14,0.5,lognormal,0.73,0.5,lognormal,1.86,0.51,lognormal,2.86,0.53
CRCB.E3.S3P.C2P.D.System.BoxGirder.MCB.Circ.M17,Spectral Acceleration|1.0,g,0,0,lognormal,0.08,0.54,lognormal,0.35,0.5,lognormal,0.92,0.7,lognormal,1.4,0.71
CRCB.E3.S3P.C2P.D.System.BoxGirder.MCB.Obl.M17,Spectral Acceleration|1.0,g,0,0,lognormal,0.03,0.86,lognormal,0.47,0.74,lognormal,3.74,1.47,lognormal,9.02,1.5
CRCB.E3.S3P.C2P.D.System.BoxGirder.TCB.Circ.M17,Spectral Acceleration|1.0,g,0,0,lognormal,0.09,0.62,lognormal,0.39,0.6,lognormal,1.12,0.89,lognormal,1.72,0.89
CRCB.E3.S3P.C2P.D.System.BoxGirder.TCB.Obl.M17,Spectral Acceleration|1.0,g,0,0,lognormal,0.11,0.73,lognormal,0.56,0.73,lognormal,2.59,1.12,lognormal,4.34,1.12
CRCB.E3.S3P.C2P.S.System.BoxGirder.MCB.Circ.M17,Spectral Acceleration|1.0,g,0,0,lognormal,0.07,0.66,lognormal,0.32,0.66,lognormal,0.76,0.85,lognormal,1.18,0.87
CRCB.E3.S3P.C2P.S.System.BoxGirder.MCB.Obl.M17,Spectral Acceleration|1.0,g,0,0,lognormal,0.01,1.01,lognormal,0.28,0.72,lognormal,1.13,0.78,lognormal,1.93,0.69
CRCB.E3.S3P.C2P.S.System.BoxGirder.TCB.Circ.M17,Spectral Acceleration|1.0,g,0,0,lognormal,0.03,0.72,lognormal,0.28,0.66,lognormal,0.88,1.02,lognormal,1.56,0.98
CRCB.E3.S3P.C2P.S.System.BoxGirder.TCB.Obl.M17,Spectral Acceleration|1.0,g,0,0,lognormal,0.05,0.67,lognormal,0.4,0.63,lognormal,1.26,0.76,lognormal,2.06,0.69
